
CREATE TABLE "PUBLIC"."SSO_SYS_APP" (
    "ID" INTEGER NOT NULL,
    "NAME" CHARACTER VARYING(128 byte),
    "SORT" INTEGER,
    "CREATETIME" DATE,
    "ISENABLE" INTEGER,
    "CODE" CHARACTER VARYING(16 byte)
);


ALTER TABLE "PUBLIC"."SSO_SYS_APP" OWNER TO "SYSTEM";

--
-- Name: SSO_SYS_APP_S; Type: SEQUENCE; Schema: PUBLIC; Owner: SYSTEM
--

CREATE SEQUENCE "PUBLIC"."SSO_SYS_APP_S"
    START WITH 1
    INCREMENT BY 1
    NO MINVALUE
    MAXVALUE 9999999999
    CACHE 1
    CYCLE;


ALTER TABLE "PUBLIC"."SSO_SYS_APP_S" OWNER TO "SYSTEM";

--
-- Name: SSO_SYS_LOG; Type: TABLE; Schema: PUBLIC; Owner: SYSTEM
--

CREATE TABLE "PUBLIC"."SSO_SYS_LOG" (
    "ID" BIGINT NOT NULL,
    "USER_NAME" CHARACTER VARYING(100 char),
    "ACTION" CHARACTER VARYING(100 char),
    "CREATE_TIME" DATE,
    "UPDATE_TIME" DATE
);


ALTER TABLE "PUBLIC"."SSO_SYS_LOG" OWNER TO "SYSTEM";

--
-- Name: SSO_SYS_LOG_S; Type: SEQUENCE; Schema: PUBLIC; Owner: SYSTEM
--

CREATE SEQUENCE "PUBLIC"."SSO_SYS_LOG_S"
    START WITH 1
    INCREMENT BY 1
    NO MINVALUE
    MAXVALUE 9999999999
    CACHE 1
    CYCLE;


ALTER TABLE "PUBLIC"."SSO_SYS_LOG_S" OWNER TO "SYSTEM";

--
-- Name: SSO_SYS_PERMISSION; Type: TABLE; Schema: PUBLIC; Owner: SYSTEM
--

CREATE TABLE "PUBLIC"."SSO_SYS_PERMISSION" (
    "ID" INTEGER NOT NULL,
    "APPID" INTEGER,
    "PARENTID" INTEGER,
    "NAME" CHARACTER VARYING(50 byte),
    "URL" CHARACTER VARYING(255 byte),
    "SORT" INTEGER,
    "ISMENU" INTEGER,
    "ISENABLE" INTEGER,
    "ICON" CHARACTER VARYING(100 byte)
);


ALTER TABLE "PUBLIC"."SSO_SYS_PERMISSION" OWNER TO "SYSTEM";

--
-- Name: SSO_SYS_PERMISSION_S; Type: SEQUENCE; Schema: PUBLIC; Owner: SYSTEM
--

CREATE SEQUENCE "PUBLIC"."SSO_SYS_PERMISSION_S"
    START WITH 1
    INCREMENT BY 1
    NO MINVALUE
    MAXVALUE 9999999999
    CACHE 1
    CYCLE;


ALTER TABLE "PUBLIC"."SSO_SYS_PERMISSION_S" OWNER TO "SYSTEM";

--
-- Name: SSO_SYS_RE_ROLE_PERMISSION; Type: TABLE; Schema: PUBLIC; Owner: SYSTEM
--

CREATE TABLE "PUBLIC"."SSO_SYS_RE_ROLE_PERMISSION" (
    "ID" INTEGER NOT NULL,
    "ROLEID" INTEGER,
    "PERMISSIONID" INTEGER,
    "APPID" INTEGER
);


ALTER TABLE "PUBLIC"."SSO_SYS_RE_ROLE_PERMISSION" OWNER TO "SYSTEM";

--
-- Name: SSO_SYS_RE_ROLE_PERMISSION_S; Type: SEQUENCE; Schema: PUBLIC; Owner: SYSTEM
--

CREATE SEQUENCE "PUBLIC"."SSO_SYS_RE_ROLE_PERMISSION_S"
    START WITH 1
    INCREMENT BY 1
    NO MINVALUE
    MAXVALUE 9999999999
    CACHE 1
    CYCLE;


ALTER TABLE "PUBLIC"."SSO_SYS_RE_ROLE_PERMISSION_S" OWNER TO "SYSTEM";

--
-- Name: SSO_SYS_RE_USER_ROLE; Type: TABLE; Schema: PUBLIC; Owner: SYSTEM
--

CREATE TABLE "PUBLIC"."SSO_SYS_RE_USER_ROLE" (
    "ID" INTEGER NOT NULL,
    "USERID" INTEGER,
    "ROLEID" INTEGER
);


ALTER TABLE "PUBLIC"."SSO_SYS_RE_USER_ROLE" OWNER TO "SYSTEM";

--
-- Name: SSO_SYS_RE_USER_ROLE_S; Type: SEQUENCE; Schema: PUBLIC; Owner: SYSTEM
--

CREATE SEQUENCE "PUBLIC"."SSO_SYS_RE_USER_ROLE_S"
    START WITH 1
    INCREMENT BY 1
    NO MINVALUE
    MAXVALUE 9999999999
    CACHE 1
    CYCLE;


ALTER TABLE "PUBLIC"."SSO_SYS_RE_USER_ROLE_S" OWNER TO "SYSTEM";

--
-- Name: SSO_SYS_ROLE; Type: TABLE; Schema: PUBLIC; Owner: SYSTEM
--

CREATE TABLE "PUBLIC"."SSO_SYS_ROLE" (
    "ID" INTEGER NOT NULL,
    "NAME" CHARACTER VARYING(50 byte),
    "SORT" INTEGER,
    "DESCRIPTION" CHARACTER VARYING(200 byte),
    "ISENABLE" INTEGER
);


ALTER TABLE "PUBLIC"."SSO_SYS_ROLE" OWNER TO "SYSTEM";

--
-- Name: SSO_SYS_ROLE_S; Type: SEQUENCE; Schema: PUBLIC; Owner: SYSTEM
--

CREATE SEQUENCE "PUBLIC"."SSO_SYS_ROLE_S"
    START WITH 1
    INCREMENT BY 1
    NO MINVALUE
    MAXVALUE 9999999999
    CACHE 1
    CYCLE;


ALTER TABLE "PUBLIC"."SSO_SYS_ROLE_S" OWNER TO "SYSTEM";

--
-- Name: SSO_SYS_USER; Type: TABLE; Schema: PUBLIC; Owner: SYSTEM
--

CREATE TABLE "PUBLIC"."SSO_SYS_USER" (
    "ID" INTEGER NOT NULL,
    "ACCOUNT" CHARACTER VARYING(50 char),
    "PASSWORD" CHARACTER VARYING(100 char),
    "LASTLOGINIP" CHARACTER VARYING(20 char),
    "LASTLOGINTIME" DATE,
    "LOGINCOUNT" INTEGER,
    "CREATETIME" DATE,
    "ISENABLE" INTEGER
);


ALTER TABLE "PUBLIC"."SSO_SYS_USER" OWNER TO "SYSTEM";

--
-- Name: SSO_SYS_USER_S; Type: SEQUENCE; Schema: PUBLIC; Owner: SYSTEM
--

CREATE SEQUENCE "PUBLIC"."SSO_SYS_USER_S"
    START WITH 1
    INCREMENT BY 1
    NO MINVALUE
    MAXVALUE 9999999999
    CACHE 1
    CYCLE;


ALTER TABLE "PUBLIC"."SSO_SYS_USER_S" OWNER TO "SYSTEM";

--
-- Data for Name: SSO_SYS_APP; Type: TABLE DATA; Schema: PUBLIC; Owner: SYSTEM
--

INSERT INTO "PUBLIC"."SSO_SYS_APP" ("ID", "NAME", "SORT", "CREATETIME", "ISENABLE", "CODE") VALUES (1, '单点登录权限管理系统', 20, '2015-06-02', 1, 'tscp-sso-server');
INSERT INTO "PUBLIC"."SSO_SYS_APP" ("ID", "NAME", "SORT", "CREATETIME", "ISENABLE", "CODE") VALUES (81, 'Demo管理系统', 15, '2015-11-08', 1, 'tscp-sso-demo');
INSERT INTO "PUBLIC"."SSO_SYS_APP" ("ID", "NAME", "SORT", "CREATETIME", "ISENABLE", "CODE") VALUES (82, '内容管理系统', 10, '2015-11-08', 1, 'tscp-cms');


--
-- Name: SSO_SYS_APP_S; Type: SEQUENCE SET; Schema: PUBLIC; Owner: SYSTEM
--

SELECT sys_catalog.setval('"PUBLIC"."SSO_SYS_APP_S"', 100, false);


--
-- Data for Name: SSO_SYS_LOG; Type: TABLE DATA; Schema: PUBLIC; Owner: SYSTEM
--

INSERT INTO "PUBLIC"."SSO_SYS_LOG" ("ID", "USER_NAME", "ACTION", "CREATE_TIME", "UPDATE_TIME") VALUES (1, 'admin', '[SSO-人员登录成功]user:[admin],url:[http://localhost:8080/tscp-sso//admin/admin]', '2019-04-18', '2019-04-18');
INSERT INTO "PUBLIC"."SSO_SYS_LOG" ("ID", "USER_NAME", "ACTION", "CREATE_TIME", "UPDATE_TIME") VALUES (2, 'admin', '[SSO-人员登录成功]user:[admin],url:[http://localhost:8080/tscp-sso/admin/admin]', '2019-04-18', '2019-04-18');
INSERT INTO "PUBLIC"."SSO_SYS_LOG" ("ID", "USER_NAME", "ACTION", "CREATE_TIME", "UPDATE_TIME") VALUES (3, 'admin', '[SSO-人员登录成功]user:[admin],url:[http://localhost:8080/tscp-sso/admin/admin]', '2019-04-18', '2019-04-18');
INSERT INTO "PUBLIC"."SSO_SYS_LOG" ("ID", "USER_NAME", "ACTION", "CREATE_TIME", "UPDATE_TIME") VALUES (4, 'admin', '[SSO-人员登录成功]user:[admin],url:[http://localhost:8080/tscp-sso/admin/admin]', '2019-04-18', '2019-04-18');
INSERT INTO "PUBLIC"."SSO_SYS_LOG" ("ID", "USER_NAME", "ACTION", "CREATE_TIME", "UPDATE_TIME") VALUES (5, 'admin', '[SSO-人员登录成功]user:[admin],url:[http://localhost:8080/tscp-sso/admin/admin]', '2019-04-18', '2019-04-18');
INSERT INTO "PUBLIC"."SSO_SYS_LOG" ("ID", "USER_NAME", "ACTION", "CREATE_TIME", "UPDATE_TIME") VALUES (6, 'admin', '[SSO-人员登录成功]user:[admin],url:[http://localhost:8080/tscp-sso/admin/admin]', '2019-04-18', '2019-04-18');
INSERT INTO "PUBLIC"."SSO_SYS_LOG" ("ID", "USER_NAME", "ACTION", "CREATE_TIME", "UPDATE_TIME") VALUES (7, 'admin', '[SSO-人员登录成功]user:[admin],url:[http://localhost:8080/tscp-sso/admin/admin]', '2019-04-18', '2019-04-18');
INSERT INTO "PUBLIC"."SSO_SYS_LOG" ("ID", "USER_NAME", "ACTION", "CREATE_TIME", "UPDATE_TIME") VALUES (8, 'admin', '[SSO-人员登录成功]user:[admin],url:[http://localhost:8080/tscp-sso/admin/admin]', '2019-04-18', '2019-04-18');
INSERT INTO "PUBLIC"."SSO_SYS_LOG" ("ID", "USER_NAME", "ACTION", "CREATE_TIME", "UPDATE_TIME") VALUES (9, 'admin', '[SSO-人员登录成功]user:[admin],url:[http://localhost:8080/tscp-sso/admin/admin]', '2019-04-18', '2019-04-18');
INSERT INTO "PUBLIC"."SSO_SYS_LOG" ("ID", "USER_NAME", "ACTION", "CREATE_TIME", "UPDATE_TIME") VALUES (10, 'admin', '[SSO-人员登录成功]user:[admin],url:[http://localhost:8080/tscp-sso/admin/admin]', '2019-04-18', '2019-04-18');
INSERT INTO "PUBLIC"."SSO_SYS_LOG" ("ID", "USER_NAME", "ACTION", "CREATE_TIME", "UPDATE_TIME") VALUES (11, 'kermit', '[SSO-人员登录成功]user:[kermit],url:[http://localhost:8080/tscp-sso/admin/admin]', '2019-04-18', '2019-04-18');
INSERT INTO "PUBLIC"."SSO_SYS_LOG" ("ID", "USER_NAME", "ACTION", "CREATE_TIME", "UPDATE_TIME") VALUES (12, 'kermit', '[SSO-人员登录退出]', '2019-04-18', '2019-04-18');
INSERT INTO "PUBLIC"."SSO_SYS_LOG" ("ID", "USER_NAME", "ACTION", "CREATE_TIME", "UPDATE_TIME") VALUES (13, 'admin', '[SSO-人员登录成功]user:[admin],url:[http://localhost:8080//tscp-sso/admin/admin]', '2019-04-18', '2019-04-18');
INSERT INTO "PUBLIC"."SSO_SYS_LOG" ("ID", "USER_NAME", "ACTION", "CREATE_TIME", "UPDATE_TIME") VALUES (14, 'admin', '[SSO-人员登录成功]user:[admin],url:[http://localhost:8080/tscp-sso/admin/admin]', '2019-04-18', '2019-04-18');
INSERT INTO "PUBLIC"."SSO_SYS_LOG" ("ID", "USER_NAME", "ACTION", "CREATE_TIME", "UPDATE_TIME") VALUES (15, 'admin', '[SSO-人员登录成功]user:[admin],url:[http://localhost:8080/tscp-sso/admin/admin]', '2019-04-18', '2019-04-18');
INSERT INTO "PUBLIC"."SSO_SYS_LOG" ("ID", "USER_NAME", "ACTION", "CREATE_TIME", "UPDATE_TIME") VALUES (16, 'admin', '[SSO-人员登录成功]user:[admin],url:[http://localhost:8080/tscp-sso//admin/admin]', '2019-04-18', '2019-04-18');
INSERT INTO "PUBLIC"."SSO_SYS_LOG" ("ID", "USER_NAME", "ACTION", "CREATE_TIME", "UPDATE_TIME") VALUES (17, 'admin', '[SSO-人员登录成功]user:[admin],url:[http://localhost:8080/tscp-sso/admin/admin]', '2019-04-18', '2019-04-18');
INSERT INTO "PUBLIC"."SSO_SYS_LOG" ("ID", "USER_NAME", "ACTION", "CREATE_TIME", "UPDATE_TIME") VALUES (18, 'admin', '[SSO-人员登录成功]user:[admin],url:[http://localhost:8080/tscp-sso/admin/admin]', '2019-04-18', '2019-04-18');
INSERT INTO "PUBLIC"."SSO_SYS_LOG" ("ID", "USER_NAME", "ACTION", "CREATE_TIME", "UPDATE_TIME") VALUES (19, 'admin', '[SSO-人员登录退出]', '2019-04-18', '2019-04-18');
INSERT INTO "PUBLIC"."SSO_SYS_LOG" ("ID", "USER_NAME", "ACTION", "CREATE_TIME", "UPDATE_TIME") VALUES (20, 'admin', '[SSO-人员登录成功]user:[admin],url:[http://localhost:8080//tscp-sso/admin/admin]', '2019-04-18', '2019-04-18');


--
-- Name: SSO_SYS_LOG_S; Type: SEQUENCE SET; Schema: PUBLIC; Owner: SYSTEM
--

SELECT sys_catalog.setval('"PUBLIC"."SSO_SYS_LOG_S"', 20, true);


--
-- Data for Name: SSO_SYS_PERMISSION; Type: TABLE DATA; Schema: PUBLIC; Owner: SYSTEM
--

INSERT INTO "PUBLIC"."SSO_SYS_PERMISSION" ("ID", "APPID", "PARENTID", "NAME", "URL", "SORT", "ISMENU", "ISENABLE", "ICON") VALUES (2, 1, NULL, '应用', '/tscp?action=AppAction_app', 39, 1, 1, 'fa-plus-circle blue');
INSERT INTO "PUBLIC"."SSO_SYS_PERMISSION" ("ID", "APPID", "PARENTID", "NAME", "URL", "SORT", "ISMENU", "ISENABLE", "ICON") VALUES (3, 1, NULL, '用户', '/tscp?action=UserAction_user', 79, 1, 1, 'fa-user');
INSERT INTO "PUBLIC"."SSO_SYS_PERMISSION" ("ID", "APPID", "PARENTID", "NAME", "URL", "SORT", "ISMENU", "ISENABLE", "ICON") VALUES (4, 1, NULL, '角色', '/tscp?action=RoleAction_role', 59, 1, 1, 'fa-users');
INSERT INTO "PUBLIC"."SSO_SYS_PERMISSION" ("ID", "APPID", "PARENTID", "NAME", "URL", "SORT", "ISMENU", "ISENABLE", "ICON") VALUES (5, 1, NULL, '权限', '/tscp?action=PermissionAction_permission', 29, 1, 1, 'fa-key');
INSERT INTO "PUBLIC"."SSO_SYS_PERMISSION" ("ID", "APPID", "PARENTID", "NAME", "URL", "SORT", "ISMENU", "ISENABLE", "ICON") VALUES (6, 1, 2, '应用新增', '/admin/app/edit', 4, 0, 1, 'fa-plus-circle blue');
INSERT INTO "PUBLIC"."SSO_SYS_PERMISSION" ("ID", "APPID", "PARENTID", "NAME", "URL", "SORT", "ISMENU", "ISENABLE", "ICON") VALUES (7, 1, 2, '应用禁用', '/admin/app/enable', 3, 0, 1, 'fa-lock orange');
INSERT INTO "PUBLIC"."SSO_SYS_PERMISSION" ("ID", "APPID", "PARENTID", "NAME", "URL", "SORT", "ISMENU", "ISENABLE", "ICON") VALUES (8, 1, 2, '应用启用', '/admin/app/enable', 2, 0, 1, 'fa-unlock green');
INSERT INTO "PUBLIC"."SSO_SYS_PERMISSION" ("ID", "APPID", "PARENTID", "NAME", "URL", "SORT", "ISMENU", "ISENABLE", "ICON") VALUES (9, 1, 2, '应用删除', '/admin/app/delete', 1, 0, 1, 'fa-trash-o red');
INSERT INTO "PUBLIC"."SSO_SYS_PERMISSION" ("ID", "APPID", "PARENTID", "NAME", "URL", "SORT", "ISMENU", "ISENABLE", "ICON") VALUES (10, 1, 3, '用户新增', '/admin/user/edit', 6, 0, 1, 'fa-plus-circle blue');
INSERT INTO "PUBLIC"."SSO_SYS_PERMISSION" ("ID", "APPID", "PARENTID", "NAME", "URL", "SORT", "ISMENU", "ISENABLE", "ICON") VALUES (11, 1, 3, '用户禁用', '/admin/user/enable', 5, 0, 1, 'fa-lock orange');
INSERT INTO "PUBLIC"."SSO_SYS_PERMISSION" ("ID", "APPID", "PARENTID", "NAME", "URL", "SORT", "ISMENU", "ISENABLE", "ICON") VALUES (12, 1, 3, '用户启用', '/admin/user/enable', 4, 0, 1, 'fa-unlock green');
INSERT INTO "PUBLIC"."SSO_SYS_PERMISSION" ("ID", "APPID", "PARENTID", "NAME", "URL", "SORT", "ISMENU", "ISENABLE", "ICON") VALUES (13, 1, 3, '用户删除', '/admin/user/delete', 3, 0, 1, 'fa-trash-o red');
INSERT INTO "PUBLIC"."SSO_SYS_PERMISSION" ("ID", "APPID", "PARENTID", "NAME", "URL", "SORT", "ISMENU", "ISENABLE", "ICON") VALUES (14, 1, 3, '重置密码', '/admin/user/resetPassword', 2, 0, 1, 'fa-key grey');
INSERT INTO "PUBLIC"."SSO_SYS_PERMISSION" ("ID", "APPID", "PARENTID", "NAME", "URL", "SORT", "ISMENU", "ISENABLE", "ICON") VALUES (16, 1, 4, '角色新增', '/admin/role/edit', 5, 0, 1, 'fa-plus-circle blue');
INSERT INTO "PUBLIC"."SSO_SYS_PERMISSION" ("ID", "APPID", "PARENTID", "NAME", "URL", "SORT", "ISMENU", "ISENABLE", "ICON") VALUES (17, 1, 4, '角色禁用', '/admin/role/enable', 4, 0, 1, 'fa-lock orange');
INSERT INTO "PUBLIC"."SSO_SYS_PERMISSION" ("ID", "APPID", "PARENTID", "NAME", "URL", "SORT", "ISMENU", "ISENABLE", "ICON") VALUES (18, 1, 4, '角色启用', '/admin/role/enable', 3, 0, 1, 'fa-unlock green');
INSERT INTO "PUBLIC"."SSO_SYS_PERMISSION" ("ID", "APPID", "PARENTID", "NAME", "URL", "SORT", "ISMENU", "ISENABLE", "ICON") VALUES (19, 1, 4, '角色删除', '/admin/role/delete', 2, 0, 1, 'fa-trash-o red');
INSERT INTO "PUBLIC"."SSO_SYS_PERMISSION" ("ID", "APPID", "PARENTID", "NAME", "URL", "SORT", "ISMENU", "ISENABLE", "ICON") VALUES (20, 1, 4, '角色授权', '/admin/role/allocate', 1, 0, 1, 'fa-cog grey');
INSERT INTO "PUBLIC"."SSO_SYS_PERMISSION" ("ID", "APPID", "PARENTID", "NAME", "URL", "SORT", "ISMENU", "ISENABLE", "ICON") VALUES (22, 1, 2, '应用列表', '/admin/app/list', 5, 0, 1, NULL);
INSERT INTO "PUBLIC"."SSO_SYS_PERMISSION" ("ID", "APPID", "PARENTID", "NAME", "URL", "SORT", "ISMENU", "ISENABLE", "ICON") VALUES (23, 1, 3, '用户列表', '/admin/user/list', 7, 0, 1, NULL);
INSERT INTO "PUBLIC"."SSO_SYS_PERMISSION" ("ID", "APPID", "PARENTID", "NAME", "URL", "SORT", "ISMENU", "ISENABLE", "ICON") VALUES (24, 1, 4, '角色列表', '/admin/role/list', 6, 0, 1, NULL);
INSERT INTO "PUBLIC"."SSO_SYS_PERMISSION" ("ID", "APPID", "PARENTID", "NAME", "URL", "SORT", "ISMENU", "ISENABLE", "ICON") VALUES (25, 1, 5, '权限树列表', '/admin/permission/nodes', 1, 0, 1, NULL);
INSERT INTO "PUBLIC"."SSO_SYS_PERMISSION" ("ID", "APPID", "PARENTID", "NAME", "URL", "SORT", "ISMENU", "ISENABLE", "ICON") VALUES (26, 1, 2, '应用保存', '/admin/app/save', 1, 0, 1, NULL);
INSERT INTO "PUBLIC"."SSO_SYS_PERMISSION" ("ID", "APPID", "PARENTID", "NAME", "URL", "SORT", "ISMENU", "ISENABLE", "ICON") VALUES (27, 1, 3, '用户保存', '/admin/user/save', 1, 0, 1, NULL);
INSERT INTO "PUBLIC"."SSO_SYS_PERMISSION" ("ID", "APPID", "PARENTID", "NAME", "URL", "SORT", "ISMENU", "ISENABLE", "ICON") VALUES (28, 1, 4, '角色保存', '/admin/role/save', 1, 0, 1, NULL);
INSERT INTO "PUBLIC"."SSO_SYS_PERMISSION" ("ID", "APPID", "PARENTID", "NAME", "URL", "SORT", "ISMENU", "ISENABLE", "ICON") VALUES (29, 1, 5, '权限保存', '/admin/permission/save', 1, 0, 1, NULL);
INSERT INTO "PUBLIC"."SSO_SYS_PERMISSION" ("ID", "APPID", "PARENTID", "NAME", "URL", "SORT", "ISMENU", "ISENABLE", "ICON") VALUES (30, 1, 5, '权限删除', '/admin/permission/delete', 1, 0, 1, NULL);
INSERT INTO "PUBLIC"."SSO_SYS_PERMISSION" ("ID", "APPID", "PARENTID", "NAME", "URL", "SORT", "ISMENU", "ISENABLE", "ICON") VALUES (33, 81, NULL, '菜单1', '/admin/men1', 100, 1, 1, 'fa-user');
INSERT INTO "PUBLIC"."SSO_SYS_PERMISSION" ("ID", "APPID", "PARENTID", "NAME", "URL", "SORT", "ISMENU", "ISENABLE", "ICON") VALUES (35, 81, 33, '菜单1新增', '/admin/menu1/edit', 1, 0, 1, NULL);
INSERT INTO "PUBLIC"."SSO_SYS_PERMISSION" ("ID", "APPID", "PARENTID", "NAME", "URL", "SORT", "ISMENU", "ISENABLE", "ICON") VALUES (36, 81, 33, '菜单1删除', '/admin/menu1/delete', 1, 0, 1, NULL);
INSERT INTO "PUBLIC"."SSO_SYS_PERMISSION" ("ID", "APPID", "PARENTID", "NAME", "URL", "SORT", "ISMENU", "ISENABLE", "ICON") VALUES (39, 1, NULL, '导航栏', '/admin/admin/menu', 99, 0, 1, NULL);
INSERT INTO "PUBLIC"."SSO_SYS_PERMISSION" ("ID", "APPID", "PARENTID", "NAME", "URL", "SORT", "ISMENU", "ISENABLE", "ICON") VALUES (41, 1, NULL, '个人中心', '/tscp?action=ProfileAction_profile', 89, 1, 1, 'fa fa-desktop');
INSERT INTO "PUBLIC"."SSO_SYS_PERMISSION" ("ID", "APPID", "PARENTID", "NAME", "URL", "SORT", "ISMENU", "ISENABLE", "ICON") VALUES (42, 1, 41, '修改密码', '/admin/profile/savePassword', 1, 0, 1, NULL);
INSERT INTO "PUBLIC"."SSO_SYS_PERMISSION" ("ID", "APPID", "PARENTID", "NAME", "URL", "SORT", "ISMENU", "ISENABLE", "ICON") VALUES (44, 82, NULL, '栏目管理', '/admin/channel', 100, 1, 1, 'fa fa-th-large');
INSERT INTO "PUBLIC"."SSO_SYS_PERMISSION" ("ID", "APPID", "PARENTID", "NAME", "URL", "SORT", "ISMENU", "ISENABLE", "ICON") VALUES (47, 82, NULL, '底部菜单管理', '/admin/menu', 110, 1, 1, 'fa fa-list-alt');
INSERT INTO "PUBLIC"."SSO_SYS_PERMISSION" ("ID", "APPID", "PARENTID", "NAME", "URL", "SORT", "ISMENU", "ISENABLE", "ICON") VALUES (48, 82, NULL, '文章管理', '/admin/article', 90, 1, 1, 'fa fa-file-text');
INSERT INTO "PUBLIC"."SSO_SYS_PERMISSION" ("ID", "APPID", "PARENTID", "NAME", "URL", "SORT", "ISMENU", "ISENABLE", "ICON") VALUES (49, 82, NULL, '产品管理', '/admin/product', 70, 1, 1, 'fa fa-file-powerpoint-o');
INSERT INTO "PUBLIC"."SSO_SYS_PERMISSION" ("ID", "APPID", "PARENTID", "NAME", "URL", "SORT", "ISMENU", "ISENABLE", "ICON") VALUES (50, 82, NULL, '产品规格', '/admin/spec', 75, 1, 1, 'fa fa-cubes');
INSERT INTO "PUBLIC"."SSO_SYS_PERMISSION" ("ID", "APPID", "PARENTID", "NAME", "URL", "SORT", "ISMENU", "ISENABLE", "ICON") VALUES (55, 82, NULL, '首页幻灯片管理', '/admin/slide', 120, 1, 1, 'fa fa-sliders');
INSERT INTO "PUBLIC"."SSO_SYS_PERMISSION" ("ID", "APPID", "PARENTID", "NAME", "URL", "SORT", "ISMENU", "ISENABLE", "ICON") VALUES (56, 82, NULL, '底部菜单配置', '/admin/channelMenu/edit', 105, 1, 1, 'fa fa-cog');
INSERT INTO "PUBLIC"."SSO_SYS_PERMISSION" ("ID", "APPID", "PARENTID", "NAME", "URL", "SORT", "ISMENU", "ISENABLE", "ICON") VALUES (59, 81, NULL, '菜单2', '/admin/menu2', 90, 1, 1, NULL);


--
-- Name: SSO_SYS_PERMISSION_S; Type: SEQUENCE SET; Schema: PUBLIC; Owner: SYSTEM
--

SELECT sys_catalog.setval('"PUBLIC"."SSO_SYS_PERMISSION_S"', 107, true);


--
-- Data for Name: SSO_SYS_RE_ROLE_PERMISSION; Type: TABLE DATA; Schema: PUBLIC; Owner: SYSTEM
--

INSERT INTO "PUBLIC"."SSO_SYS_RE_ROLE_PERMISSION" ("ID", "ROLEID", "PERMISSIONID", "APPID") VALUES (291, 1, 39, 1);
INSERT INTO "PUBLIC"."SSO_SYS_RE_ROLE_PERMISSION" ("ID", "ROLEID", "PERMISSIONID", "APPID") VALUES (292, 1, 41, 1);
INSERT INTO "PUBLIC"."SSO_SYS_RE_ROLE_PERMISSION" ("ID", "ROLEID", "PERMISSIONID", "APPID") VALUES (293, 1, 42, 1);
INSERT INTO "PUBLIC"."SSO_SYS_RE_ROLE_PERMISSION" ("ID", "ROLEID", "PERMISSIONID", "APPID") VALUES (294, 1, 3, 1);
INSERT INTO "PUBLIC"."SSO_SYS_RE_ROLE_PERMISSION" ("ID", "ROLEID", "PERMISSIONID", "APPID") VALUES (295, 1, 23, 1);
INSERT INTO "PUBLIC"."SSO_SYS_RE_ROLE_PERMISSION" ("ID", "ROLEID", "PERMISSIONID", "APPID") VALUES (296, 1, 10, 1);
INSERT INTO "PUBLIC"."SSO_SYS_RE_ROLE_PERMISSION" ("ID", "ROLEID", "PERMISSIONID", "APPID") VALUES (297, 1, 11, 1);
INSERT INTO "PUBLIC"."SSO_SYS_RE_ROLE_PERMISSION" ("ID", "ROLEID", "PERMISSIONID", "APPID") VALUES (298, 1, 12, 1);
INSERT INTO "PUBLIC"."SSO_SYS_RE_ROLE_PERMISSION" ("ID", "ROLEID", "PERMISSIONID", "APPID") VALUES (299, 1, 13, 1);
INSERT INTO "PUBLIC"."SSO_SYS_RE_ROLE_PERMISSION" ("ID", "ROLEID", "PERMISSIONID", "APPID") VALUES (300, 1, 14, 1);
INSERT INTO "PUBLIC"."SSO_SYS_RE_ROLE_PERMISSION" ("ID", "ROLEID", "PERMISSIONID", "APPID") VALUES (302, 1, 27, 1);
INSERT INTO "PUBLIC"."SSO_SYS_RE_ROLE_PERMISSION" ("ID", "ROLEID", "PERMISSIONID", "APPID") VALUES (303, 1, 2, 1);
INSERT INTO "PUBLIC"."SSO_SYS_RE_ROLE_PERMISSION" ("ID", "ROLEID", "PERMISSIONID", "APPID") VALUES (304, 1, 22, 1);
INSERT INTO "PUBLIC"."SSO_SYS_RE_ROLE_PERMISSION" ("ID", "ROLEID", "PERMISSIONID", "APPID") VALUES (305, 1, 6, 1);
INSERT INTO "PUBLIC"."SSO_SYS_RE_ROLE_PERMISSION" ("ID", "ROLEID", "PERMISSIONID", "APPID") VALUES (306, 1, 7, 1);
INSERT INTO "PUBLIC"."SSO_SYS_RE_ROLE_PERMISSION" ("ID", "ROLEID", "PERMISSIONID", "APPID") VALUES (307, 1, 8, 1);
INSERT INTO "PUBLIC"."SSO_SYS_RE_ROLE_PERMISSION" ("ID", "ROLEID", "PERMISSIONID", "APPID") VALUES (308, 1, 9, 1);
INSERT INTO "PUBLIC"."SSO_SYS_RE_ROLE_PERMISSION" ("ID", "ROLEID", "PERMISSIONID", "APPID") VALUES (309, 1, 26, 1);
INSERT INTO "PUBLIC"."SSO_SYS_RE_ROLE_PERMISSION" ("ID", "ROLEID", "PERMISSIONID", "APPID") VALUES (310, 1, 4, 1);
INSERT INTO "PUBLIC"."SSO_SYS_RE_ROLE_PERMISSION" ("ID", "ROLEID", "PERMISSIONID", "APPID") VALUES (311, 1, 24, 1);
INSERT INTO "PUBLIC"."SSO_SYS_RE_ROLE_PERMISSION" ("ID", "ROLEID", "PERMISSIONID", "APPID") VALUES (312, 1, 16, 1);
INSERT INTO "PUBLIC"."SSO_SYS_RE_ROLE_PERMISSION" ("ID", "ROLEID", "PERMISSIONID", "APPID") VALUES (313, 1, 17, 1);
INSERT INTO "PUBLIC"."SSO_SYS_RE_ROLE_PERMISSION" ("ID", "ROLEID", "PERMISSIONID", "APPID") VALUES (314, 1, 18, 1);
INSERT INTO "PUBLIC"."SSO_SYS_RE_ROLE_PERMISSION" ("ID", "ROLEID", "PERMISSIONID", "APPID") VALUES (315, 1, 19, 1);
INSERT INTO "PUBLIC"."SSO_SYS_RE_ROLE_PERMISSION" ("ID", "ROLEID", "PERMISSIONID", "APPID") VALUES (316, 1, 20, 1);
INSERT INTO "PUBLIC"."SSO_SYS_RE_ROLE_PERMISSION" ("ID", "ROLEID", "PERMISSIONID", "APPID") VALUES (317, 1, 28, 1);
INSERT INTO "PUBLIC"."SSO_SYS_RE_ROLE_PERMISSION" ("ID", "ROLEID", "PERMISSIONID", "APPID") VALUES (318, 1, 5, 1);
INSERT INTO "PUBLIC"."SSO_SYS_RE_ROLE_PERMISSION" ("ID", "ROLEID", "PERMISSIONID", "APPID") VALUES (319, 1, 25, 1);
INSERT INTO "PUBLIC"."SSO_SYS_RE_ROLE_PERMISSION" ("ID", "ROLEID", "PERMISSIONID", "APPID") VALUES (320, 1, 29, 1);
INSERT INTO "PUBLIC"."SSO_SYS_RE_ROLE_PERMISSION" ("ID", "ROLEID", "PERMISSIONID", "APPID") VALUES (321, 1, 30, 1);
INSERT INTO "PUBLIC"."SSO_SYS_RE_ROLE_PERMISSION" ("ID", "ROLEID", "PERMISSIONID", "APPID") VALUES (347, 3, 36, 81);
INSERT INTO "PUBLIC"."SSO_SYS_RE_ROLE_PERMISSION" ("ID", "ROLEID", "PERMISSIONID", "APPID") VALUES (350, 3, 47, 82);
INSERT INTO "PUBLIC"."SSO_SYS_RE_ROLE_PERMISSION" ("ID", "ROLEID", "PERMISSIONID", "APPID") VALUES (356, 2, 41, 1);
INSERT INTO "PUBLIC"."SSO_SYS_RE_ROLE_PERMISSION" ("ID", "ROLEID", "PERMISSIONID", "APPID") VALUES (555, 1, 20, 55);
INSERT INTO "PUBLIC"."SSO_SYS_RE_ROLE_PERMISSION" ("ID", "ROLEID", "PERMISSIONID", "APPID") VALUES (593, 1, 33, 81);
INSERT INTO "PUBLIC"."SSO_SYS_RE_ROLE_PERMISSION" ("ID", "ROLEID", "PERMISSIONID", "APPID") VALUES (594, 1, 35, 81);
INSERT INTO "PUBLIC"."SSO_SYS_RE_ROLE_PERMISSION" ("ID", "ROLEID", "PERMISSIONID", "APPID") VALUES (595, 1, 36, 81);
INSERT INTO "PUBLIC"."SSO_SYS_RE_ROLE_PERMISSION" ("ID", "ROLEID", "PERMISSIONID", "APPID") VALUES (596, 1, 59, 81);
INSERT INTO "PUBLIC"."SSO_SYS_RE_ROLE_PERMISSION" ("ID", "ROLEID", "PERMISSIONID", "APPID") VALUES (597, 2, 33, 81);
INSERT INTO "PUBLIC"."SSO_SYS_RE_ROLE_PERMISSION" ("ID", "ROLEID", "PERMISSIONID", "APPID") VALUES (598, 2, 35, 81);
INSERT INTO "PUBLIC"."SSO_SYS_RE_ROLE_PERMISSION" ("ID", "ROLEID", "PERMISSIONID", "APPID") VALUES (599, 1, 55, 82);
INSERT INTO "PUBLIC"."SSO_SYS_RE_ROLE_PERMISSION" ("ID", "ROLEID", "PERMISSIONID", "APPID") VALUES (600, 1, 47, 82);
INSERT INTO "PUBLIC"."SSO_SYS_RE_ROLE_PERMISSION" ("ID", "ROLEID", "PERMISSIONID", "APPID") VALUES (601, 1, 56, 82);
INSERT INTO "PUBLIC"."SSO_SYS_RE_ROLE_PERMISSION" ("ID", "ROLEID", "PERMISSIONID", "APPID") VALUES (602, 1, 44, 82);
INSERT INTO "PUBLIC"."SSO_SYS_RE_ROLE_PERMISSION" ("ID", "ROLEID", "PERMISSIONID", "APPID") VALUES (603, 1, 48, 82);
INSERT INTO "PUBLIC"."SSO_SYS_RE_ROLE_PERMISSION" ("ID", "ROLEID", "PERMISSIONID", "APPID") VALUES (604, 1, 50, 82);
INSERT INTO "PUBLIC"."SSO_SYS_RE_ROLE_PERMISSION" ("ID", "ROLEID", "PERMISSIONID", "APPID") VALUES (605, 1, 49, 82);
INSERT INTO "PUBLIC"."SSO_SYS_RE_ROLE_PERMISSION" ("ID", "ROLEID", "PERMISSIONID", "APPID") VALUES (100, 100, 39, 1);
INSERT INTO "PUBLIC"."SSO_SYS_RE_ROLE_PERMISSION" ("ID", "ROLEID", "PERMISSIONID", "APPID") VALUES (101, 100, 41, 1);
INSERT INTO "PUBLIC"."SSO_SYS_RE_ROLE_PERMISSION" ("ID", "ROLEID", "PERMISSIONID", "APPID") VALUES (102, 100, 42, 1);
INSERT INTO "PUBLIC"."SSO_SYS_RE_ROLE_PERMISSION" ("ID", "ROLEID", "PERMISSIONID", "APPID") VALUES (103, 100, 3, 1);
INSERT INTO "PUBLIC"."SSO_SYS_RE_ROLE_PERMISSION" ("ID", "ROLEID", "PERMISSIONID", "APPID") VALUES (104, 100, 23, 1);
INSERT INTO "PUBLIC"."SSO_SYS_RE_ROLE_PERMISSION" ("ID", "ROLEID", "PERMISSIONID", "APPID") VALUES (105, 100, 10, 1);
INSERT INTO "PUBLIC"."SSO_SYS_RE_ROLE_PERMISSION" ("ID", "ROLEID", "PERMISSIONID", "APPID") VALUES (106, 100, 11, 1);
INSERT INTO "PUBLIC"."SSO_SYS_RE_ROLE_PERMISSION" ("ID", "ROLEID", "PERMISSIONID", "APPID") VALUES (107, 100, 12, 1);
INSERT INTO "PUBLIC"."SSO_SYS_RE_ROLE_PERMISSION" ("ID", "ROLEID", "PERMISSIONID", "APPID") VALUES (108, 100, 13, 1);
INSERT INTO "PUBLIC"."SSO_SYS_RE_ROLE_PERMISSION" ("ID", "ROLEID", "PERMISSIONID", "APPID") VALUES (109, 100, 14, 1);
INSERT INTO "PUBLIC"."SSO_SYS_RE_ROLE_PERMISSION" ("ID", "ROLEID", "PERMISSIONID", "APPID") VALUES (110, 100, 27, 1);
INSERT INTO "PUBLIC"."SSO_SYS_RE_ROLE_PERMISSION" ("ID", "ROLEID", "PERMISSIONID", "APPID") VALUES (111, 100, 4, 1);
INSERT INTO "PUBLIC"."SSO_SYS_RE_ROLE_PERMISSION" ("ID", "ROLEID", "PERMISSIONID", "APPID") VALUES (112, 100, 24, 1);
INSERT INTO "PUBLIC"."SSO_SYS_RE_ROLE_PERMISSION" ("ID", "ROLEID", "PERMISSIONID", "APPID") VALUES (113, 100, 16, 1);
INSERT INTO "PUBLIC"."SSO_SYS_RE_ROLE_PERMISSION" ("ID", "ROLEID", "PERMISSIONID", "APPID") VALUES (114, 100, 17, 1);
INSERT INTO "PUBLIC"."SSO_SYS_RE_ROLE_PERMISSION" ("ID", "ROLEID", "PERMISSIONID", "APPID") VALUES (115, 100, 18, 1);
INSERT INTO "PUBLIC"."SSO_SYS_RE_ROLE_PERMISSION" ("ID", "ROLEID", "PERMISSIONID", "APPID") VALUES (116, 100, 19, 1);
INSERT INTO "PUBLIC"."SSO_SYS_RE_ROLE_PERMISSION" ("ID", "ROLEID", "PERMISSIONID", "APPID") VALUES (117, 100, 28, 1);
INSERT INTO "PUBLIC"."SSO_SYS_RE_ROLE_PERMISSION" ("ID", "ROLEID", "PERMISSIONID", "APPID") VALUES (118, 100, 20, 1);
INSERT INTO "PUBLIC"."SSO_SYS_RE_ROLE_PERMISSION" ("ID", "ROLEID", "PERMISSIONID", "APPID") VALUES (119, 100, 2, 1);
INSERT INTO "PUBLIC"."SSO_SYS_RE_ROLE_PERMISSION" ("ID", "ROLEID", "PERMISSIONID", "APPID") VALUES (120, 100, 22, 1);
INSERT INTO "PUBLIC"."SSO_SYS_RE_ROLE_PERMISSION" ("ID", "ROLEID", "PERMISSIONID", "APPID") VALUES (121, 100, 6, 1);
INSERT INTO "PUBLIC"."SSO_SYS_RE_ROLE_PERMISSION" ("ID", "ROLEID", "PERMISSIONID", "APPID") VALUES (122, 100, 7, 1);
INSERT INTO "PUBLIC"."SSO_SYS_RE_ROLE_PERMISSION" ("ID", "ROLEID", "PERMISSIONID", "APPID") VALUES (123, 100, 8, 1);
INSERT INTO "PUBLIC"."SSO_SYS_RE_ROLE_PERMISSION" ("ID", "ROLEID", "PERMISSIONID", "APPID") VALUES (124, 100, 9, 1);
INSERT INTO "PUBLIC"."SSO_SYS_RE_ROLE_PERMISSION" ("ID", "ROLEID", "PERMISSIONID", "APPID") VALUES (125, 100, 26, 1);
INSERT INTO "PUBLIC"."SSO_SYS_RE_ROLE_PERMISSION" ("ID", "ROLEID", "PERMISSIONID", "APPID") VALUES (126, 100, 5, 1);
INSERT INTO "PUBLIC"."SSO_SYS_RE_ROLE_PERMISSION" ("ID", "ROLEID", "PERMISSIONID", "APPID") VALUES (127, 100, 29, 1);
INSERT INTO "PUBLIC"."SSO_SYS_RE_ROLE_PERMISSION" ("ID", "ROLEID", "PERMISSIONID", "APPID") VALUES (128, 100, 30, 1);
INSERT INTO "PUBLIC"."SSO_SYS_RE_ROLE_PERMISSION" ("ID", "ROLEID", "PERMISSIONID", "APPID") VALUES (129, 100, 25, 1);


--
-- Name: SSO_SYS_RE_ROLE_PERMISSION_S; Type: SEQUENCE SET; Schema: PUBLIC; Owner: SYSTEM
--

SELECT sys_catalog.setval('"PUBLIC"."SSO_SYS_RE_ROLE_PERMISSION_S"', 129, true);


--
-- Data for Name: SSO_SYS_RE_USER_ROLE; Type: TABLE DATA; Schema: PUBLIC; Owner: SYSTEM
--

INSERT INTO "PUBLIC"."SSO_SYS_RE_USER_ROLE" ("ID", "USERID", "ROLEID") VALUES (16, 2, 1);


--
-- Name: SSO_SYS_RE_USER_ROLE_S; Type: SEQUENCE SET; Schema: PUBLIC; Owner: SYSTEM
--

SELECT sys_catalog.setval('"PUBLIC"."SSO_SYS_RE_USER_ROLE_S"', 100, false);


--
-- Data for Name: SSO_SYS_ROLE; Type: TABLE DATA; Schema: PUBLIC; Owner: SYSTEM
--

INSERT INTO "PUBLIC"."SSO_SYS_ROLE" ("ID", "NAME", "SORT", "DESCRIPTION", "ISENABLE") VALUES (1, '系统管理员', 999, '6666666', 1);
INSERT INTO "PUBLIC"."SSO_SYS_ROLE" ("ID", "NAME", "SORT", "DESCRIPTION", "ISENABLE") VALUES (100, '项目经理', 2, NULL, 1);


--
-- Name: SSO_SYS_ROLE_S; Type: SEQUENCE SET; Schema: PUBLIC; Owner: SYSTEM
--

SELECT sys_catalog.setval('"PUBLIC"."SSO_SYS_ROLE_S"', 100, true);


--
-- Data for Name: SSO_SYS_USER; Type: TABLE DATA; Schema: PUBLIC; Owner: SYSTEM
--

INSERT INTO "PUBLIC"."SSO_SYS_USER" ("ID", "ACCOUNT", "PASSWORD", "LASTLOGINIP", "LASTLOGINTIME", "LOGINCOUNT", "CREATETIME", "ISENABLE") VALUES (1, 'AAAAAA', '6b12ecc1c82a33d5a6c33f6b337ccec8', NULL, NULL, 0, '2019-04-18', 0);
INSERT INTO "PUBLIC"."SSO_SYS_USER" ("ID", "ACCOUNT", "PASSWORD", "LASTLOGINIP", "LASTLOGINTIME", "LOGINCOUNT", "CREATETIME", "ISENABLE") VALUES (3, 'kermit', 'b0c07ae70a803adbf019f360899fe7be', '0:0:0:0:0:0:0:1', '2019-04-18', 1, '2019-04-18', 1);
INSERT INTO "PUBLIC"."SSO_SYS_USER" ("ID", "ACCOUNT", "PASSWORD", "LASTLOGINIP", "LASTLOGINTIME", "LOGINCOUNT", "CREATETIME", "ISENABLE") VALUES (2, 'admin', '26524bdf4ea266f131566a89e8f4972c', '0:0:0:0:0:0:0:1', '2019-04-18', 22, '2015-06-02', 1);


--
-- Name: SSO_SYS_USER_S; Type: SEQUENCE SET; Schema: PUBLIC; Owner: SYSTEM
--

SELECT sys_catalog.setval('"PUBLIC"."SSO_SYS_USER_S"', 100, false);


--
-- Name: SSO_SYS_APP PUBLIC_SSO_SYS_APP_CONSTRAINT_1; Type: CONSTRAINT; Schema: PUBLIC; Owner: SYSTEM
--

ALTER TABLE ONLY "PUBLIC"."SSO_SYS_APP"
    ADD CONSTRAINT "PUBLIC_SSO_SYS_APP_CONSTRAINT_1" PRIMARY KEY ("ID");


--
-- Name: SSO_SYS_LOG PUBLIC_TABLE_NAME_CONSTRAINT_1; Type: CONSTRAINT; Schema: PUBLIC; Owner: SYSTEM
--

ALTER TABLE ONLY "PUBLIC"."SSO_SYS_LOG"
    ADD CONSTRAINT "PUBLIC_TABLE_NAME_CONSTRAINT_1" PRIMARY KEY ("ID");


--
-- Name: SSO_SYS_PERMISSION SYS_PERMISSION_ID; Type: CONSTRAINT; Schema: PUBLIC; Owner: SYSTEM
--

ALTER TABLE ONLY "PUBLIC"."SSO_SYS_PERMISSION"
    ADD CONSTRAINT "SYS_PERMISSION_ID" PRIMARY KEY ("ID");


--
-- Name: SSO_SYS_RE_ROLE_PERMISSION SYS_RE_ROLE_PERMISSION_ID; Type: CONSTRAINT; Schema: PUBLIC; Owner: SYSTEM
--

ALTER TABLE ONLY "PUBLIC"."SSO_SYS_RE_ROLE_PERMISSION"
    ADD CONSTRAINT "SYS_RE_ROLE_PERMISSION_ID" PRIMARY KEY ("ID");


--
-- Name: SSO_SYS_RE_USER_ROLE SYS_RE_USER_ROLE_ID; Type: CONSTRAINT; Schema: PUBLIC; Owner: SYSTEM
--

ALTER TABLE ONLY "PUBLIC"."SSO_SYS_RE_USER_ROLE"
    ADD CONSTRAINT "SYS_RE_USER_ROLE_ID" PRIMARY KEY ("ID");


--
-- Name: SSO_SYS_ROLE SYS_ROLE_ID; Type: CONSTRAINT; Schema: PUBLIC; Owner: SYSTEM
--

ALTER TABLE ONLY "PUBLIC"."SSO_SYS_ROLE"
    ADD CONSTRAINT "SYS_ROLE_ID" PRIMARY KEY ("ID");


--
-- Name: SSO_SYS_USER SYS_USER_ID; Type: CONSTRAINT; Schema: PUBLIC; Owner: SYSTEM
--

ALTER TABLE ONLY "PUBLIC"."SSO_SYS_USER"
    ADD CONSTRAINT "SYS_USER_ID" PRIMARY KEY ("ID");


--
-- Kingbase database dump complete
--

